data,filename
http://tinyurl.com/1-PA11-PA1,httptinyurlcom1-PA11-PA1.png
http://tinyurl.com/2-PA22-PA2,httptinyurlcom2-PA22-PA2.png
http://tinyurl.com/01-PA101-PA1,httptinyurlcom01-PA101-PA1.png
http://tinyurl.com/02-PA202-PA2,httptinyurlcom02-PA202-PA2.png
http://tinyurl.com/AP-PA-1AP-PA-1,httptinyurlcomAP-PA-1AP-PA-1.png
http://tinyurl.com/AP-PA-2AP-PA-2,httptinyurlcomAP-PA-2AP-PA-2.png
http://tinyurl.com/3-AP13-AP1,httptinyurlcom3-AP13-AP1.png
http://tinyurl.com/4-AP24-AP2,httptinyurlcom4-AP24-AP2.png
http://tinyurl.com/5-AP2a5-AP2a,httptinyurlcom5-AP2a5-AP2a.png
http://tinyurl.com/6-AP36-AP3,httptinyurlcom6-AP36-AP3.png
http://tinyurl.com/7-AP47-AP4,httptinyurlcom7-AP47-AP4.png
http://tinyurl.com/8-AP58-AP5,httptinyurlcom8-AP58-AP5.png
http://tinyurl.com/9-AP69-AP6,httptinyurlcom9-AP69-AP6.png
http://tinyurl.com/TT-PA-1TT-PA-1,httptinyurlcomTT-PA-1TT-PA-1.png
http://tinyurl.com/TT-PA-2TT-PA-2,httptinyurlcomTT-PA-2TT-PA-2.png
http://tinyurl.com/3-TT13-TT1,httptinyurlcom3-TT13-TT1.png
http://tinyurl.com/4-TT24-TT2,httptinyurlcom4-TT24-TT2.png
http://tinyurl.com/5-TT35-TT3,httptinyurlcom5-TT35-TT3.png
http://tinyurl.com/6-TT46-TT4,httptinyurlcom6-TT46-TT4.png
http://tinyurl.com/BB-PA-1BB-PA-1,httptinyurlcomBB-PA-1BB-PA-1.png
http://tinyurl.com/BB-PA-2BB-PA-2,httptinyurlcomBB-PA-2BB-PA-2.png
http://tinyurl.com/3-BB13-BB1,httptinyurlcom3-BB13-BB1.png
http://tinyurl.com/4-BB1a4-BB1a,httptinyurlcom4-BB1a4-BB1a.png
http://tinyurl.com/4-BB24-BB2,httptinyurlcom4-BB24-BB2.png
http://tinyurl.com/5-BB35-BB3,httptinyurlcom5-BB35-BB3.png
http://tinyurl.com/6-BB46-BB4,httptinyurlcom6-BB46-BB4.png
http://tinyurl.com/7-BB57-BB5,httptinyurlcom7-BB57-BB5.png
http://tinyurl.com/8-BB68-BB6,httptinyurlcom8-BB68-BB6.png
http://tinyurl.com/EQ-PA-1EQ-PA-1,httptinyurlcomEQ-PA-1EQ-PA-1.png
http://tinyurl.com/EQ-PA-2EQ-PA-2,httptinyurlcomEQ-PA-2EQ-PA-2.png
http://tinyurl.com/3-EQ13-EQ1,httptinyurlcom3-EQ13-EQ1.png
http://tinyurl.com/4-EQ24-EQ2,httptinyurlcom4-EQ24-EQ2.png
http://tinyurl.com/5-EQ35-EQ3,httptinyurlcom5-EQ35-EQ3.png
http://tinyurl.com/6-EQ46-EQ4,httptinyurlcom6-EQ46-EQ4.png
http://tinyurl.com/7-EQ57-EQ5,httptinyurlcom7-EQ57-EQ5.png
http://tinyurl.com/8-EQ68-EQ6,httptinyurlcom8-EQ68-EQ6.png
http://tinyurl.com/9-EQ79-EQ7,httptinyurlcom9-EQ79-EQ7.png
http://tinyurl.com/RR-PA-1RR-PA-1,httptinyurlcomRR-PA-1RR-PA-1.png
http://tinyurl.com/RR-PA-2RR-PA-2,httptinyurlcomRR-PA-2RR-PA-2.png
http://tinyurl.com/03-RR103-RR1,httptinyurlcom03-RR103-RR1.png
http://tinyurl.com/04-RR204-RR2,httptinyurlcom04-RR204-RR2.png
http://tinyurl.com/05-RR305-RR3,httptinyurlcom05-RR305-RR3.png
http://tinyurl.com/06-RR406-RR4,httptinyurlcom06-RR406-RR4.png
http://tinyurl.com/07-RR507-RR5,httptinyurlcom07-RR507-RR5.png
http://tinyurl.com/08-RR608-RR6,httptinyurlcom08-RR608-RR6.png
http://tinyurl.com/09-RR6a09-RR6a,httptinyurlcom09-RR6a09-RR6a.png
http://tinyurl.com/10-RR710-RR7,httptinyurlcom10-RR710-RR7.png
http://tinyurl.com/LO-PA-1LO-PA-1,httptinyurlcomLO-PA-1LO-PA-1.png
http://tinyurl.com/LO-PA-2LO-PA-2,httptinyurlcomLO-PA-2LO-PA-2.png
http://tinyurl.com/3-LO13-LO1,httptinyurlcom3-LO13-LO1.png
http://tinyurl.com/4-LO24-LO2,httptinyurlcom4-LO24-LO2.png
http://tinyurl.com/5-LO35-LO3,httptinyurlcom5-LO35-LO3.png
http://tinyurl.com/6-LO46-LO4,httptinyurlcom6-LO46-LO4.png
http://tinyurl.com/7-LO57-LO5,httptinyurlcom7-LO57-LO5.png
http://tinyurl.com/8-LO68-LO6,httptinyurlcom8-LO68-LO6.png